size,norm_sec_size,opt_sec_size
2,0,1
3,1,1
4,1,1
5,1,1
6,1,1
7,1,1
8,2,2
9,2,2
10,2,2
11,2,2
12,2,2
13,2,2
14,2,2
15,2,2
16,2,2
17,2,2
18,2,2
19,2,2
20,2,2
21,2,2
22,2,2
23,2,2
24,2,2
25,2,2
26,2,2
27,2,2
28,2,2
29,2,2
30,2,2
31,2,2
32,2,2
33,3,3
34,3,3
35,3,3
36,3,3
37,3,3
38,3,3
39,3,3
40,3,3
41,3,3
42,3,3
43,3,3
44,3,3
45,3,3
46,3,3
47,3,3
48,3,3
49,3,3
50,3,3
51,3,3
52,3,3
53,3,3
54,3,3
55,3,3
56,3,3
57,3,3
58,3,3
59,3,3
60,3,3
61,3,3
62,3,3
63,3,3
64,3,3
65,3,3
66,3,3
67,3,3
68,3,3
69,3,3
70,3,3
71,3,3
72,3,3
73,3,3
74,3,3
75,3,3
76,3,3
77,3,3
78,3,3
79,3,3
80,3,3
81,3,3
82,3,3
83,3,3
84,3,3
85,3,3
86,3,3
87,3,3
88,3,3
89,3,3
90,3,3
91,3,3
92,3,3
93,3,3
94,3,3
95,3,3
96,3,3
97,3,3
98,3,3
99,3,3
100,3,3
101,3,3
102,3,3
103,3,3
104,3,3
105,3,3
106,3,3
107,3,3
108,3,3
109,3,3
110,3,3
111,3,3
112,3,3
113,3,3
114,3,3
115,3,3
116,3,3
117,3,3
118,3,3
119,3,3
120,3,3
121,3,3
122,3,3
123,3,3
124,3,3
125,3,3
126,3,3
127,3,3
128,4,4
129,4,4
130,4,4
131,4,4
132,4,4
133,4,4
134,4,4
135,4,4
136,4,4
137,4,4
138,4,4
139,4,4
140,4,4
141,4,4
142,4,4
143,4,4
144,4,4
145,4,4
146,4,4
147,4,4
148,4,4
149,4,4
150,4,4
151,4,4
152,4,4
153,4,4
154,4,4
155,4,4
156,4,4
157,4,4
158,4,4
159,4,4
160,4,4
161,4,4
162,4,4
163,4,4
164,4,4
165,4,4
166,4,4
167,4,4
168,4,4
169,4,4
170,4,4
171,4,4
172,4,4
173,4,4
174,4,4
175,4,4
176,4,4
177,4,4
178,4,4
179,4,4
180,4,4
181,4,4
182,4,4
183,4,4
184,4,4
185,4,4
186,4,4
187,4,4
188,4,4
189,4,4
190,4,4
191,4,4
192,4,4
193,4,4
194,4,4
195,4,4
196,4,4
197,4,4
198,4,4
199,4,4
200,4,4
201,4,4
202,4,4
203,4,4
204,4,4
205,4,4
206,4,4
207,4,4
208,4,4
209,4,4
210,4,4
211,4,4
212,4,4
213,4,4
214,4,4
215,4,4
216,4,4
217,4,4
218,4,4
219,4,4
220,4,4
221,4,4
222,4,4
223,4,4
224,4,4
225,4,4
226,4,4
227,4,4
228,4,4
229,4,4
230,4,4
231,4,4
232,4,4
233,4,4
234,4,4
235,4,4
236,4,4
237,4,4
238,4,4
239,4,4
240,4,4
241,4,4
242,4,4
243,4,4
244,4,4
245,4,4
246,4,4
247,4,4
248,4,4
249,4,4
250,4,4
251,4,4
252,4,4
253,4,4
254,4,4
255,4,4
256,4,4
257,4,4
258,4,4
259,4,4
260,4,4
261,4,4
262,4,4
263,4,4
264,4,4
265,4,4
266,4,4
267,4,4
268,4,4
269,4,4
270,4,4
271,4,4
272,4,4
273,4,4
274,4,4
275,4,4
276,4,4
277,4,4
278,4,4
279,4,4
280,4,4
281,4,4
282,4,4
283,4,4
284,4,4
285,4,4
286,4,4
287,4,4
288,4,4
289,4,4
290,4,4
291,4,4
292,4,4
293,4,4
294,4,4
295,4,4
296,4,4
297,4,4
298,4,4
299,4,4
300,4,4
301,4,4
302,4,4
303,4,4
304,4,4
305,4,4
306,4,4
307,4,4
308,4,4
309,4,4
310,4,4
311,4,4
312,4,4
313,4,4
314,4,4
315,4,4
316,4,4
317,4,4
318,4,4
319,4,4
320,4,4
321,4,4
322,4,4
323,4,4
324,4,4
325,4,4
326,4,4
327,4,4
328,4,4
329,4,4
330,4,4
331,4,4
332,4,4
333,4,4
334,4,4
335,4,4
336,4,4
337,4,4
338,4,4
339,4,4
340,4,4
341,4,4
342,4,4
343,4,4
344,4,4
345,4,4
346,4,4
347,4,4
348,4,4
349,4,4
350,4,4
351,4,4
352,4,4
353,4,4
354,4,4
355,4,4
356,4,4
357,4,4
358,4,4
359,4,4
360,4,4
361,4,4
362,4,4
363,4,4
364,4,4
365,4,4
366,4,4
367,4,4
368,4,4
369,4,4
370,4,4
371,4,4
372,4,4
373,4,4
374,4,4
375,4,4
376,4,4
377,4,4
378,4,4
379,4,4
380,4,4
381,4,4
382,4,4
383,4,4
384,4,4
385,4,4
386,4,4
387,4,4
388,4,4
389,4,4
390,4,4
391,4,4
392,4,4
393,4,4
394,4,4
395,4,4
396,4,4
397,4,4
398,4,4
399,4,4
400,4,4
401,4,4
402,4,4
403,4,4
404,4,4
405,4,4
406,4,4
407,4,4
408,4,4
409,4,4
410,4,4
411,4,4
412,4,4
413,4,4
414,4,4
415,4,4
416,4,4
417,4,4
418,4,4
419,4,4
420,4,4
421,4,4
422,4,4
423,4,4
424,4,4
425,4,4
426,4,4
427,4,4
428,4,4
429,4,4
430,4,4
431,4,4
432,4,4
433,4,4
434,4,4
435,4,4
436,4,4
437,4,4
438,4,4
439,4,4
440,4,4
441,4,4
442,4,4
443,4,4
444,4,4
445,4,4
446,4,4
447,4,4
448,4,4
449,4,4
450,4,4
451,4,4
452,4,4
453,4,4
454,4,4
455,4,4
456,4,4
457,4,4
458,4,4
459,4,4
460,4,4
461,4,4
462,4,4
463,4,4
464,4,4
465,4,4
466,4,4
467,4,4
468,4,4
469,4,4
470,4,4
471,4,4
472,4,4
473,4,4
474,4,4
475,4,4
476,4,4
477,4,4
478,4,4
479,4,4
480,4,4
481,4,4
482,4,4
483,4,4
484,4,4
485,4,4
486,4,4
487,4,4
488,4,4
489,4,4
490,4,4
491,4,4
492,4,4
493,4,4
494,4,4
495,4,4
496,4,4
497,4,4
498,4,4
499,4,4
500,4,4
501,4,4
502,4,4
503,4,4
504,4,4
505,4,4
506,4,4
507,4,4
508,4,4
509,4,4
510,4,4
511,4,4
512,4,4
513,5,5
514,5,5
515,5,5
516,5,5
517,5,5
518,5,5
519,5,5
520,5,5
521,5,5
522,5,5
523,5,5
524,5,5
525,5,5
526,5,5
527,5,5
528,5,5
529,5,5
530,5,5
531,5,5
532,5,5
533,5,5
534,5,5
535,5,5
536,5,5
537,5,5
538,5,5
539,5,5
540,5,5
541,5,5
542,5,5
543,5,5
544,5,5
545,5,5
546,5,5
547,5,5
548,5,5
549,5,5
550,5,5
551,5,5
552,5,5
553,5,5
554,5,5
555,5,5
556,5,5
557,5,5
558,5,5
559,5,5
560,5,5
561,5,5
562,5,5
563,5,5
564,5,5
565,5,5
566,5,5
567,5,5
568,5,5
569,5,5
570,5,5
571,5,5
572,5,5
573,5,5
574,5,5
575,5,5
576,5,5
577,5,5
578,5,5
579,5,5
580,5,5
581,5,5
582,5,5
583,5,5
584,5,5
585,5,5
586,5,5
587,5,5
588,5,5
589,5,5
590,5,5
591,5,5
592,5,5
593,5,5
594,5,5
595,5,5
596,5,5
597,5,5
598,5,5
599,5,5
600,5,5
601,5,5
602,5,5
603,5,5
604,5,5
605,5,5
606,5,5
607,5,5
608,5,5
609,5,5
610,5,5
611,5,5
612,5,5
613,5,5
614,5,5
615,5,5
616,5,5
617,5,5
618,5,5
619,5,5
620,5,5
621,5,5
622,5,5
623,5,5
624,5,5
625,5,5
626,5,5
627,5,5
628,5,5
629,5,5
630,5,5
631,5,5
632,5,5
633,5,5
634,5,5
635,5,5
636,5,5
637,5,5
638,5,5
639,5,5
640,5,5
641,5,5
642,5,5
643,5,5
644,5,5
645,5,5
646,5,5
647,5,5
648,5,5
649,5,5
650,5,5
651,5,5
652,5,5
653,5,5
654,5,5
655,5,5
656,5,5
657,5,5
658,5,5
659,5,5
660,5,5
661,5,5
662,5,5
663,5,5
664,5,5
665,5,5
666,5,5
667,5,5
668,5,5
669,5,5
670,5,5
671,5,5
672,5,5
673,5,5
674,5,5
675,5,5
676,5,5
677,5,5
678,5,5
679,5,5
680,5,5
681,5,5
682,5,5
683,5,5
684,5,5
685,5,5
686,5,5
687,5,5
688,5,5
689,5,5
690,5,5
691,5,5
692,5,5
693,5,5
694,5,5
695,5,5
696,5,5
697,5,5
698,5,5
699,5,5
700,5,5
701,5,5
702,5,5
703,5,5
704,5,5
705,5,5
706,5,5
707,5,5
708,5,5
709,5,5
710,5,5
711,5,5
712,5,5
713,5,5
714,5,5
715,5,5
716,5,5
717,5,5
718,5,5
719,5,5
720,5,5
721,5,5
722,5,5
723,5,5
724,5,5
725,5,5
726,5,5
727,5,5
728,5,5
729,5,5
730,5,5
731,5,5
732,5,5
733,5,5
734,5,5
735,5,5
736,5,5
737,5,5
738,5,5
739,5,5
740,5,5
741,5,5
742,5,5
743,5,5
744,5,5
745,5,5
746,5,5
747,5,5
748,5,5
749,5,5
750,5,5
751,5,5
752,5,5
753,5,5
754,5,5
755,5,5
756,5,5
757,5,5
758,5,5
759,5,5
760,5,5
761,5,5
762,5,5
763,5,5
764,5,5
765,5,5
766,5,5
767,5,5
768,5,5
769,5,5
770,5,5
771,5,5
772,5,5
773,5,5
774,5,5
775,5,5
776,5,5
777,5,5
778,5,5
779,5,5
780,5,5
781,5,5
782,5,5
783,5,5
784,5,5
785,5,5
786,5,5
787,5,5
788,5,5
789,5,5
790,5,5
791,5,5
792,5,5
793,5,5
794,5,5
795,5,5
796,5,5
797,5,5
798,5,5
799,5,5
800,5,5
801,5,5
802,5,5
803,5,5
804,5,5
805,5,5
806,5,5
807,5,5
808,5,5
809,5,5
810,5,5
811,5,5
812,5,5
813,5,5
814,5,5
815,5,5
816,5,5
817,5,5
818,5,5
819,5,5
820,5,5
821,5,5
822,5,5
823,5,5
824,5,5
825,5,5
826,5,5
827,5,5
828,5,5
829,5,5
830,5,5
831,5,5
832,5,5
833,5,5
834,5,5
835,5,5
836,5,5
837,5,5
838,5,5
839,5,5
840,5,5
841,5,5
842,5,5
843,5,5
844,5,5
845,5,5
846,5,5
847,5,5
848,5,5
849,5,5
850,5,5
851,5,5
852,5,5
853,5,5
854,5,5
855,5,5
856,5,5
857,5,5
858,5,5
859,5,5
860,5,5
861,5,5
862,5,5
863,5,5
864,5,5
865,5,5
866,5,5
867,5,5
868,5,5
869,5,5
870,5,5
871,5,5
872,5,5
873,5,5
874,5,5
875,5,5
876,5,5
877,5,5
878,5,5
879,5,5
880,5,5
881,5,5
882,5,5
883,5,5
884,5,5
885,5,5
886,5,5
887,5,5
888,5,5
889,5,5
890,5,5
891,5,5
892,5,5
893,5,5
894,5,5
895,5,5
896,5,5
897,5,5
898,5,5
899,5,5
900,5,5
901,5,5
902,5,5
903,5,5
904,5,5
905,5,5
906,5,5
907,5,5
908,5,5
909,5,5
910,5,5
911,5,5
912,5,5
913,5,5
914,5,5
915,5,5
916,5,5
917,5,5
918,5,5
919,5,5
920,5,5
921,5,5
922,5,5
923,5,5
924,5,5
925,5,5
926,5,5
927,5,5
928,5,5
929,5,5
930,5,5
931,5,5
932,5,5
933,5,5
934,5,5
935,5,5
936,5,5
937,5,5
938,5,5
939,5,5
940,5,5
941,5,5
942,5,5
943,5,5
944,5,5
945,5,5
946,5,5
947,5,5
948,5,5
949,5,5
950,5,5
951,5,5
952,5,5
953,5,5
954,5,5
955,5,5
956,5,5
957,5,5
958,5,5
959,5,5
960,5,5
961,5,5
962,5,5
963,5,5
964,5,5
965,5,5
966,5,5
967,5,5
968,5,5
969,5,5
970,5,5
971,5,5
972,5,5
973,5,5
974,5,5
975,5,5
976,5,5
977,5,5
978,5,5
979,5,5
980,5,5
981,5,5
982,5,5
983,5,5
984,5,5
985,5,5
986,5,5
987,5,5
988,5,5
989,5,5
990,5,5
991,5,5
992,5,5
993,5,5
994,5,5
995,5,5
996,5,5
997,5,5
998,5,5
999,5,5
1000,5,5
1001,5,5
1002,5,5
1003,5,5
1004,5,5
1005,5,5
1006,5,5
1007,5,5
1008,5,5
1009,5,5
1010,5,5
1011,5,5
1012,5,5
1013,5,5
1014,5,5
1015,5,5
1016,5,5
1017,5,5
1018,5,5
1019,5,5
1020,5,5
1021,5,5
1022,5,5
1023,5,5
1024,5,5
1025,5,5
1026,5,5
1027,5,5
1028,5,5
1029,5,5
1030,5,5
1031,5,5
1032,5,5
1033,5,5
1034,5,5
1035,5,5
1036,5,5
1037,5,5
1038,5,5
1039,5,5
1040,5,5
1041,5,5
1042,5,5
1043,5,5
1044,5,5
1045,5,5
1046,5,5
1047,5,5
1048,5,5
1049,5,5
1050,5,5
1051,5,5
1052,5,5
1053,5,5
1054,5,5
1055,5,5
1056,5,5
1057,5,5
1058,5,5
1059,5,5
1060,5,5
1061,5,5
1062,5,5
1063,5,5
1064,5,5
1065,5,5
1066,5,5
1067,5,5
1068,5,5
1069,5,5
1070,5,5
1071,5,5
1072,5,5
1073,5,5
1074,5,5
1075,5,5
1076,5,5
1077,5,5
1078,5,5
1079,5,5
1080,5,5
1081,5,5
1082,5,5
1083,5,5
1084,5,5
1085,5,5
1086,5,5
1087,5,5
1088,5,5
1089,5,5
1090,5,5
1091,5,5
1092,5,5
1093,5,5
1094,5,5
1095,5,5
1096,5,5
1097,5,5
1098,5,5
1099,5,5
1100,5,5
1101,5,5
1102,5,5
1103,5,5
1104,5,5
1105,5,5
1106,5,5
1107,5,5
1108,5,5
1109,5,5
1110,5,5
1111,5,5
1112,5,5
1113,5,5
1114,5,5
1115,5,5
1116,5,5
1117,5,5
1118,5,5
1119,5,5
1120,5,5
1121,5,5
1122,5,5
1123,5,5
1124,5,5
1125,5,5
1126,5,5
1127,5,5
1128,5,5
1129,5,5
1130,5,5
1131,5,5
1132,5,5
1133,5,5
1134,5,5
1135,5,5
1136,5,5
1137,5,5
1138,5,5
1139,5,5
1140,5,5
1141,5,5
1142,5,5
1143,5,5
1144,5,5
1145,5,5
1146,5,5
1147,5,5
1148,5,5
1149,5,5
1150,5,5
1151,5,5
1152,5,5
1153,5,5
1154,5,5
1155,5,5
1156,5,5
1157,5,5
1158,5,5
1159,5,5
1160,5,5
1161,5,5
1162,5,5
1163,5,5
1164,5,5
1165,5,5
1166,5,5
1167,5,5
1168,5,5
1169,5,5
1170,5,5
1171,5,5
1172,5,5
1173,5,5
1174,5,5
1175,5,5
1176,5,5
1177,5,5
1178,5,5
1179,5,5
1180,5,5
1181,5,5
1182,5,5
1183,5,5
1184,5,5
1185,5,5
1186,5,5
1187,5,5
1188,5,5
1189,5,5
1190,5,5
1191,5,5
1192,5,5
1193,5,5
1194,5,5
1195,5,5
1196,5,5
1197,5,5
1198,5,5
1199,5,5
1200,5,5
1201,5,5
1202,5,5
1203,5,5
1204,5,5
1205,5,5
1206,5,5
1207,5,5
1208,5,5
1209,5,5
1210,5,5
1211,5,5
1212,5,5
1213,5,5
1214,5,5
1215,5,5
1216,5,5
1217,5,5
1218,5,5
1219,5,5
1220,5,5
1221,5,5
1222,5,5
1223,5,5
1224,5,5
1225,5,5
1226,5,5
1227,5,5
1228,5,5
1229,5,5
1230,5,5
1231,5,5
1232,5,5
1233,5,5
1234,5,5
1235,5,5
1236,5,5
1237,5,5
1238,5,5
1239,5,5
1240,5,5
1241,5,5
1242,5,5
1243,5,5
1244,5,5
1245,5,5
1246,5,5
1247,5,5
1248,5,5
1249,5,5
1250,5,5
1251,5,5
1252,5,5
1253,5,5
1254,5,5
1255,5,5
1256,5,5
1257,5,5
1258,5,5
1259,5,5
1260,5,5
1261,5,5
1262,5,5
1263,5,5
1264,5,5
1265,5,5
1266,5,5
1267,5,5
1268,5,5
1269,5,5
1270,5,5
1271,5,5
1272,5,5
1273,5,5
1274,5,5
1275,5,5
1276,5,5
1277,5,5
1278,5,5
1279,5,5
1280,5,5
1281,5,5
1282,5,5
1283,5,5
1284,5,5
1285,5,5
1286,5,5
1287,5,5
1288,5,5
1289,5,5
1290,5,5
1291,5,5
1292,5,5
1293,5,5
1294,5,5
1295,5,5
1296,5,5
1297,5,5
1298,5,5
1299,5,5
1300,5,5
1301,5,5
1302,5,5
1303,5,5
1304,5,5
1305,5,5
1306,5,5
1307,5,5
1308,5,5
1309,5,5
1310,5,5
1311,5,5
1312,5,5
1313,5,5
1314,5,5
1315,5,5
1316,5,5
1317,5,5
1318,5,5
1319,5,5
1320,5,5
1321,5,5
1322,5,5
1323,5,5
1324,5,5
1325,5,5
1326,5,5
1327,5,5
1328,5,5
1329,5,5
1330,5,5
1331,5,5
1332,5,5
1333,5,5
1334,5,5
1335,5,5
1336,5,5
1337,5,5
1338,5,5
1339,5,5
1340,5,5
1341,5,5
1342,5,5
1343,5,5
1344,5,5
1345,5,5
1346,5,5
1347,5,5
1348,5,5
1349,5,5
1350,5,5
1351,5,5
1352,5,5
1353,5,5
1354,5,5
1355,5,5
1356,5,5
1357,5,5
1358,5,5
1359,5,5
1360,5,5
1361,5,5
1362,5,5
1363,5,5
1364,5,5
1365,5,5
1366,5,5
1367,5,5
1368,5,5
1369,5,5
1370,5,5
1371,5,5
1372,5,5
1373,5,5
1374,5,5
1375,5,5
1376,5,5
1377,5,5
1378,5,5
1379,5,5
1380,5,5
1381,5,5
1382,5,5
1383,5,5
1384,5,5
1385,5,5
1386,5,5
1387,5,5
1388,5,5
1389,5,5
1390,5,5
1391,5,5
1392,5,5
1393,5,5
1394,5,5
1395,5,5
1396,5,5
1397,5,5
1398,5,5
1399,5,5
1400,5,5
1401,5,5
1402,5,5
1403,5,5
1404,5,5
1405,5,5
1406,5,5
1407,5,5
1408,5,5
1409,5,5
1410,5,5
1411,5,5
1412,5,5
1413,5,5
1414,5,5
1415,5,5
1416,5,5
1417,5,5
1418,5,5
1419,5,5
1420,5,5
1421,5,5
1422,5,5
1423,5,5
1424,5,5
1425,5,5
1426,5,5
1427,5,5
1428,5,5
1429,5,5
1430,5,5
1431,5,5
1432,5,5
1433,5,5
1434,5,5
1435,5,5
1436,5,5
1437,5,5
1438,5,5
1439,5,5
1440,5,5
1441,5,5
1442,5,5
1443,5,5
1444,5,5
1445,5,5
1446,5,5
1447,5,5
1448,5,5
1449,5,5
1450,5,5
1451,5,5
1452,5,5
1453,5,5
1454,5,5
1455,5,5
1456,5,5
1457,5,5
1458,5,5
1459,5,5
1460,5,5
1461,5,5
1462,5,5
1463,5,5
1464,5,5
1465,5,5
1466,5,5
1467,5,5
1468,5,5
1469,5,5
1470,5,5
1471,5,5
1472,5,5
1473,5,5
1474,5,5
1475,5,5
1476,5,5
1477,5,5
1478,5,5
1479,5,5
1480,5,5
1481,5,5
1482,5,5
1483,5,5
1484,5,5
1485,5,5
1486,5,5
1487,5,5
1488,5,5
1489,5,5
1490,5,5
1491,5,5
1492,5,5
1493,5,5
1494,5,5
1495,5,5
1496,5,5
1497,5,5
1498,5,5
1499,5,5
1500,5,5
1501,5,5
1502,5,5
1503,5,5
1504,5,5
1505,5,5
1506,5,5
1507,5,5
1508,5,5
1509,5,5
1510,5,5
1511,5,5
1512,5,5
1513,5,5
1514,5,5
1515,5,5
1516,5,5
1517,5,5
1518,5,5
1519,5,5
1520,5,5
1521,5,5
1522,5,5
1523,5,5
1524,5,5
1525,5,5
1526,5,5
1527,5,5
1528,5,5
1529,5,5
1530,5,5
1531,5,5
1532,5,5
1533,5,5
1534,5,5
1535,5,5
1536,5,5
1537,5,5
1538,5,5
1539,5,5
1540,5,5
1541,5,5
1542,5,5
1543,5,5
1544,5,5
1545,5,5
1546,5,5
1547,5,5
1548,5,5
1549,5,5
1550,5,5
1551,5,5
1552,5,5
1553,5,5
1554,5,5
1555,5,5
1556,5,5
1557,5,5
1558,5,5
1559,5,5
1560,5,5
1561,5,5
1562,5,5
1563,5,5
1564,5,5
1565,5,5
1566,5,5
1567,5,5
1568,5,5
1569,5,5
1570,5,5
1571,5,5
1572,5,5
1573,5,5
1574,5,5
1575,5,5
1576,5,5
1577,5,5
1578,5,5
1579,5,5
1580,5,5
1581,5,5
1582,5,5
1583,5,5
1584,5,5
1585,5,5
1586,5,5
1587,5,5
1588,5,5
1589,5,5
1590,5,5
1591,5,5
1592,5,5
1593,5,5
1594,5,5
1595,5,5
1596,5,5
1597,5,5
1598,5,5
1599,5,5
1600,5,5
1601,5,5
1602,5,5
1603,5,5
1604,5,5
1605,5,5
1606,5,5
1607,5,5
1608,5,5
1609,5,5
1610,5,5
1611,5,5
1612,5,5
1613,5,5
1614,5,5
1615,5,5
1616,5,5
1617,5,5
1618,5,5
1619,5,5
1620,5,5
1621,5,5
1622,5,5
1623,5,5
1624,5,5
1625,5,5
1626,5,5
1627,5,5
1628,5,5
1629,5,5
1630,5,5
1631,5,5
1632,5,5
1633,5,5
1634,5,5
1635,5,5
1636,5,5
1637,5,5
1638,5,5
1639,5,5
1640,5,5
1641,5,5
1642,5,5
1643,5,5
1644,5,5
1645,5,5
1646,5,5
1647,5,5
1648,5,5
1649,5,5
1650,5,5
1651,5,5
1652,5,5
1653,5,5
1654,5,5
1655,5,5
1656,5,5
1657,5,5
1658,5,5
1659,5,5
1660,5,5
1661,5,5
1662,5,5
1663,5,5
1664,5,5
1665,5,5
1666,5,5
1667,5,5
1668,5,5
1669,5,5
1670,5,5
1671,5,5
1672,5,5
1673,5,5
1674,5,5
1675,5,5
1676,5,5
1677,5,5
1678,5,5
1679,5,5
1680,5,5
1681,5,5
1682,5,5
1683,5,5
1684,5,5
1685,5,5
1686,5,5
1687,5,5
1688,5,5
1689,5,5
1690,5,5
1691,5,5
1692,5,5
1693,5,5
1694,5,5
1695,5,5
1696,5,5
1697,5,5
1698,5,5
1699,5,5
1700,5,5
1701,5,5
1702,5,5
1703,5,5
1704,5,5
1705,5,5
1706,5,5
1707,5,5
1708,5,5
1709,5,5
1710,5,5
1711,5,5
1712,5,5
1713,5,5
1714,5,5
1715,5,5
1716,5,5
1717,5,5
1718,5,5
1719,5,5
1720,5,5
1721,5,5
1722,5,5
1723,5,5
1724,5,5
1725,5,5
1726,5,5
1727,5,5
1728,5,5
1729,5,5
1730,5,5
1731,5,5
1732,5,5
1733,5,5
1734,5,5
1735,5,5
1736,5,5
1737,5,5
1738,5,5
1739,5,5
1740,5,5
1741,5,5
1742,5,5
1743,5,5
1744,5,5
1745,5,5
1746,5,5
1747,5,5
1748,5,5
1749,5,5
1750,5,5
1751,5,5
1752,5,5
1753,5,5
1754,5,5
1755,5,5
1756,5,5
1757,5,5
1758,5,5
1759,5,5
1760,5,5
1761,5,5
1762,5,5
1763,5,5
1764,5,5
1765,5,5
1766,5,5
1767,5,5
1768,5,5
1769,5,5
1770,5,5
1771,5,5
1772,5,5
1773,5,5
1774,5,5
1775,5,5
1776,5,5
1777,5,5
1778,5,5
1779,5,5
1780,5,5
1781,5,5
1782,5,5
1783,5,5
1784,5,5
1785,5,5
1786,5,5
1787,5,5
1788,5,5
1789,5,5
1790,5,5
1791,5,5
1792,5,5
1793,5,5
1794,5,5
1795,5,5
1796,5,5
1797,5,5
1798,5,5
1799,5,5
1800,5,5
1801,5,5
1802,5,5
1803,5,5
1804,5,5
1805,5,5
1806,5,5
1807,5,5
1808,5,5
1809,5,5
1810,5,5
1811,5,5
1812,5,5
1813,5,5
1814,5,5
1815,5,5
1816,5,5
1817,5,5
1818,5,5
1819,5,5
1820,5,5
1821,5,5
1822,5,5
1823,5,5
1824,5,5
1825,5,5
1826,5,5
1827,5,5
1828,5,5
1829,5,5
1830,5,5
1831,5,5
1832,5,5
1833,5,5
1834,5,5
1835,5,5
1836,5,5
1837,5,5
1838,5,5
1839,5,5
1840,5,5
1841,5,5
1842,5,5
1843,5,5
1844,5,5
1845,5,5
1846,5,5
1847,5,5
1848,5,5
1849,5,5
1850,5,5
1851,5,5
1852,5,5
1853,5,5
1854,5,5
1855,5,5
1856,5,5
1857,5,5
1858,5,5
1859,5,5
1860,5,5
1861,5,5
1862,5,5
1863,5,5
1864,5,5
1865,5,5
1866,5,5
1867,5,5
1868,5,5
1869,5,5
1870,5,5
1871,5,5
1872,5,5
1873,5,5
1874,5,5
1875,5,5
1876,5,5
1877,5,5
1878,5,5
1879,5,5
1880,5,5
1881,5,5
1882,5,5
1883,5,5
1884,5,5
1885,5,5
1886,5,5
1887,5,5
1888,5,5
1889,5,5
1890,5,5
1891,5,5
1892,5,5
1893,5,5
1894,5,5
1895,5,5
1896,5,5
1897,5,5
1898,5,5
1899,5,5
1900,5,5
1901,5,5
1902,5,5
1903,5,5
1904,5,5
1905,5,5
1906,5,5
1907,5,5
1908,5,5
1909,5,5
1910,5,5
1911,5,5
1912,5,5
1913,5,5
1914,5,5
1915,5,5
1916,5,5
1917,5,5
1918,5,5
1919,5,5
1920,5,5
1921,5,5
1922,5,5
1923,5,5
1924,5,5
1925,5,5
1926,5,5
1927,5,5
1928,5,5
1929,5,5
1930,5,5
1931,5,5
1932,5,5
1933,5,5
1934,5,5
1935,5,5
1936,5,5
1937,5,5
1938,5,5
1939,5,5
1940,5,5
1941,5,5
1942,5,5
1943,5,5
1944,5,5
1945,5,5
1946,5,5
1947,5,5
1948,5,5
1949,5,5
1950,5,5
1951,5,5
1952,5,5
1953,5,5
1954,5,5
1955,5,5
1956,5,5
1957,5,5
1958,5,5
1959,5,6
1960,5,6
1961,5,6
1962,5,6
1963,5,6
1964,5,6
1965,5,6
1966,5,6
1967,5,6
1968,5,6
1969,5,6
1970,5,6
1971,5,6
1972,5,6
1973,5,6
1974,5,6
1975,5,6
1976,5,6
1977,5,6
1978,5,6
1979,5,6
1980,5,6
1981,5,6
1982,5,6
1983,5,6
1984,5,6
1985,5,6
1986,5,6
1987,5,6
1988,5,6
1989,5,6
1990,5,6
1991,5,6
1992,5,6
1993,5,6
1994,5,6
1995,5,6
1996,5,6
1997,5,6
1998,5,6
1999,5,6
2000,5,6
2001,5,6
2002,5,6
2003,5,6
2004,5,6
2005,5,6
2006,5,6
2007,5,6
2008,5,6
2009,5,6
2010,5,6
2011,5,6
2012,5,6
2013,5,6
2014,5,6
2015,5,6
2016,5,6
2017,5,6
2018,5,6
2019,5,6
2020,5,6
2021,5,6
2022,5,6
2023,5,6
2024,5,6
2025,5,6
2026,5,6
2027,5,6
2028,5,6
2029,5,6
2030,5,6
2031,5,6
2032,5,6
2033,5,6
2034,5,6
2035,5,6
2036,5,6
2037,5,6
2038,5,6
2039,5,6
2040,5,6
2041,5,6
2042,5,6
2043,5,6
2044,5,6
2045,5,6
2046,5,6
2047,5,6
2048,6,6
2049,6,6
2050,6,6
2051,6,6
2052,6,6
2053,6,6
2054,6,6
2055,6,6
2056,6,6
2057,6,6
2058,6,6
2059,6,6
2060,6,6
2061,6,6
2062,6,6
2063,6,6
2064,6,6
2065,6,6
2066,6,6
2067,6,6
2068,6,6
2069,6,6
2070,6,6
2071,6,6
2072,6,6
2073,6,6
2074,6,6
2075,6,6
2076,6,6
2077,6,6
2078,6,6
2079,6,6
2080,6,6
2081,6,6
2082,6,6
2083,6,6
2084,6,6
2085,6,6
2086,6,6
2087,6,6
2088,6,6
2089,6,6
2090,6,6
2091,6,6
2092,6,6
2093,6,6
2094,6,6
2095,6,6
2096,6,6
2097,6,6
2098,6,6
2099,6,6
2100,6,6
2101,6,6
2102,6,6
2103,6,6
2104,6,6
2105,6,6
2106,6,6
2107,6,6
2108,6,6
2109,6,6
2110,6,6
2111,6,6
2112,6,6
2113,6,6
2114,6,6
2115,6,6
2116,6,6
2117,6,6
2118,6,6
2119,6,6
2120,6,6
2121,6,6
2122,6,6
2123,6,6
2124,6,6
2125,6,6
2126,6,6
2127,6,6
2128,6,6
2129,6,6
2130,6,6
2131,6,6
2132,6,6
2133,6,6
2134,6,6
2135,6,6
2136,6,6
2137,6,6
2138,6,6
2139,6,6
2140,6,6
2141,6,6
2142,6,6
2143,6,6
2144,6,6
2145,6,6
2146,6,6
2147,6,6
2148,6,6
2149,6,6
2150,6,6
2151,6,6
2152,6,6
2153,6,6
2154,6,6
2155,6,6
2156,6,6
2157,6,6
2158,6,6
2159,6,6
2160,6,6
2161,6,6
2162,6,6
2163,6,6
2164,6,6
2165,6,6
2166,6,6
2167,6,6
2168,6,6
2169,6,6
2170,6,6
2171,6,6
2172,6,6
2173,6,6
2174,6,6
2175,6,6
2176,6,6
2177,6,6
2178,6,6
2179,6,6
2180,6,6
2181,6,6
2182,6,6
2183,6,6
2184,6,6
2185,6,6
2186,6,6
2187,6,6
2188,6,6
2189,6,6
2190,6,6
2191,6,6
2192,6,6
2193,6,6
2194,6,6
2195,6,6
2196,6,6
2197,6,6
2198,6,6
2199,6,6
2200,6,6
2201,6,6
2202,6,6
2203,6,6
2204,6,6
2205,6,6
2206,6,6
2207,6,6
2208,6,6
2209,6,6
2210,6,6
2211,6,6
2212,6,6
2213,6,6
2214,6,6
2215,6,6
2216,6,6
2217,6,6
2218,6,6
2219,6,6
2220,6,6
2221,6,6
2222,6,6
2223,6,6
2224,6,6
2225,6,6
2226,6,6
2227,6,6
2228,6,6
2229,6,6
2230,6,6
2231,6,6
2232,6,6
2233,6,6
2234,6,6
2235,6,6
2236,6,6
2237,6,6
2238,6,6
2239,6,6
2240,6,6
2241,6,6
2242,6,6
2243,6,6
2244,6,6
2245,6,6
2246,6,6
2247,6,6
2248,6,6
2249,6,6
2250,6,6
2251,6,6
2252,6,6
2253,6,6
2254,6,6
2255,6,6
2256,6,6
2257,6,6
2258,6,6
2259,6,6
2260,6,6
2261,6,6
2262,6,6
2263,6,6
2264,6,6
2265,6,6
2266,6,6
2267,6,6
2268,6,6
2269,6,6
2270,6,6
2271,6,6
2272,6,6
2273,6,6
2274,6,6
2275,6,6
2276,6,6
2277,6,6
2278,6,6
2279,6,6
2280,6,6
2281,6,6
2282,6,6
2283,6,6
2284,6,6
2285,6,6
2286,6,6
2287,6,6
2288,6,6
2289,6,6
2290,6,6
2291,6,6
2292,6,6
2293,6,6
2294,6,6
2295,6,6
2296,6,6
2297,6,6
2298,6,6
2299,6,6
2300,6,6
2301,6,6
2302,6,6
2303,6,6
2304,6,6
2305,6,6
2306,6,6
2307,6,6
2308,6,6
2309,6,6
2310,6,6
2311,6,6
2312,6,6
2313,6,6
2314,6,6
2315,6,6
2316,6,6
2317,6,6
2318,6,6
2319,6,6
2320,6,6
2321,6,6
2322,6,6
2323,6,6
2324,6,6
2325,6,6
2326,6,6
2327,6,6
2328,6,6
2329,6,6
2330,6,6
2331,6,6
2332,6,6
2333,6,6
2334,6,6
2335,6,6
2336,6,6
2337,6,6
2338,6,6
2339,6,6
2340,6,6
2341,6,6
2342,6,6
2343,6,6
2344,6,6
2345,6,6
2346,6,6
2347,6,6
2348,6,6
2349,6,6
2350,6,6
2351,6,6
2352,6,6
2353,6,6
2354,6,6
2355,6,6
2356,6,6
2357,6,6
2358,6,6
2359,6,6
2360,6,6
2361,6,6
2362,6,6
2363,6,6
2364,6,6
2365,6,6
2366,6,6
2367,6,6
2368,6,6
2369,6,6
2370,6,6
2371,6,6
2372,6,6
2373,6,6
2374,6,6
2375,6,6
2376,6,6
2377,6,6
2378,6,6
2379,6,6
2380,6,6
2381,6,6
2382,6,6
2383,6,6
2384,6,6
2385,6,6
2386,6,6
2387,6,6
2388,6,6
2389,6,6
2390,6,6
2391,6,6
2392,6,6
2393,6,6
2394,6,6
2395,6,6
2396,6,6
2397,6,6
2398,6,6
2399,6,6
2400,6,6
2401,6,6
2402,6,6
2403,6,6
2404,6,6
2405,6,6
2406,6,6
2407,6,6
2408,6,6
2409,6,6
2410,6,6
2411,6,6
2412,6,6
2413,6,6
2414,6,6
2415,6,6
2416,6,6
2417,6,6
2418,6,6
2419,6,6
2420,6,6
2421,6,6
2422,6,6
2423,6,6
2424,6,6
2425,6,6
2426,6,6
2427,6,6
2428,6,6
2429,6,6
2430,6,6
2431,6,6
2432,6,6
2433,6,6
2434,6,6
2435,6,6
2436,6,6
2437,6,6
2438,6,6
2439,6,6
2440,6,6
2441,6,6
2442,6,6
2443,6,6
2444,6,6
2445,6,6
2446,6,6
2447,6,6
2448,6,6
2449,6,6
2450,6,6
2451,6,6
2452,6,6
2453,6,6
2454,6,6
2455,6,6
2456,6,6
2457,6,6
2458,6,6
2459,6,6
2460,6,6
2461,6,6
2462,6,6
2463,6,6
2464,6,6
2465,6,6
2466,6,6
2467,6,6
2468,6,6
2469,6,6
2470,6,6
2471,6,6
2472,6,6
2473,6,6
2474,6,6
2475,6,6
2476,6,6
2477,6,6
2478,6,6
2479,6,6
2480,6,6
2481,6,6
2482,6,6
2483,6,6
2484,6,6
2485,6,6
2486,6,6
2487,6,6
2488,6,6
2489,6,6
2490,6,6
2491,6,6
2492,6,6
2493,6,6
2494,6,6
2495,6,6
2496,6,6
2497,6,6
2498,6,6
2499,6,6
2500,6,6
2501,6,6
2502,6,6
2503,6,6
2504,6,6
2505,6,6
2506,6,6
2507,6,6
2508,6,6
2509,6,6
2510,6,6
2511,6,6
2512,6,6
2513,6,6
2514,6,6
2515,6,6
2516,6,6
2517,6,6
2518,6,6
2519,6,6
2520,6,6
2521,6,6
2522,6,6
2523,6,6
2524,6,6
2525,6,6
2526,6,6
2527,6,6
2528,6,6
2529,6,6
2530,6,6
2531,6,6
2532,6,6
2533,6,6
2534,6,6
2535,6,6
2536,6,6
2537,6,6
2538,6,6
2539,6,6
2540,6,6
2541,6,6
2542,6,6
2543,6,6
2544,6,6
2545,6,6
2546,6,6
2547,6,6
2548,6,6
2549,6,6
2550,6,6
2551,6,6
2552,6,6
2553,6,6
2554,6,6
2555,6,6
2556,6,6
2557,6,6
2558,6,6
2559,6,6
2560,6,6
2561,6,6
2562,6,6
2563,6,6
2564,6,6
2565,6,6
2566,6,6
2567,6,6
2568,6,6
2569,6,6
2570,6,6
2571,6,6
2572,6,6
2573,6,6
2574,6,6
2575,6,6
2576,6,6
2577,6,6
2578,6,6
2579,6,6
2580,6,6
2581,6,6
2582,6,6
2583,6,6
2584,6,6
2585,6,6
2586,6,6
2587,6,6
2588,6,6
2589,6,6
2590,6,6
2591,6,6
2592,6,6
2593,6,6
2594,6,6
2595,6,6
2596,6,6
2597,6,6
2598,6,6
2599,6,6
2600,6,6
2601,6,6
2602,6,6
2603,6,6
2604,6,6
2605,6,6
2606,6,6
2607,6,6
2608,6,6
2609,6,6
2610,6,6
2611,6,6
2612,6,6
2613,6,6
2614,6,6
2615,6,6
2616,6,6
2617,6,6
2618,6,6
2619,6,6
2620,6,6
2621,6,6
2622,6,6
2623,6,6
2624,6,6
2625,6,6
2626,6,6
2627,6,6
2628,6,6
2629,6,6
2630,6,6
2631,6,6
2632,6,6
2633,6,6
2634,6,6
2635,6,6
2636,6,6
2637,6,6
2638,6,6
2639,6,6
2640,6,6
2641,6,6
2642,6,6
2643,6,6
2644,6,6
2645,6,6
2646,6,6
2647,6,6
2648,6,6
2649,6,6
2650,6,6
2651,6,6
2652,6,6
2653,6,6
2654,6,6
2655,6,6
2656,6,6
2657,6,6
2658,6,6
2659,6,6
2660,6,6
2661,6,6
2662,6,6
2663,6,6
2664,6,6
2665,6,6
2666,6,6
2667,6,6
2668,6,6
2669,6,6
2670,6,6
2671,6,6
2672,6,6
2673,6,6
2674,6,6
2675,6,6
2676,6,6
2677,6,6
2678,6,6
2679,6,6
2680,6,6
2681,6,6
2682,6,6
2683,6,6
2684,6,6
2685,6,6
2686,6,6
2687,6,6
2688,6,6
2689,6,6
2690,6,6
2691,6,6
2692,6,6
2693,6,6
2694,6,6
2695,6,6
2696,6,6
2697,6,6
2698,6,6
2699,6,6
2700,6,6
2701,6,6
2702,6,6
2703,6,6
2704,6,6
2705,6,6
2706,6,6
2707,6,6
2708,6,6
2709,6,6
2710,6,6
2711,6,6
2712,6,6
2713,6,6
2714,6,6
2715,6,6
2716,6,6
2717,6,6
2718,6,6
2719,6,6
2720,6,6
2721,6,6
2722,6,6
2723,6,6
2724,6,6
2725,6,6
2726,6,6
2727,6,6
2728,6,6
2729,6,6
2730,6,6
2731,6,6
2732,6,6
2733,6,6
2734,6,6
2735,6,6
2736,6,6
2737,6,6
2738,6,6
2739,6,6
2740,6,6
2741,6,6
2742,6,6
2743,6,6
2744,6,6
2745,6,6
2746,6,6
2747,6,6
2748,6,6
2749,6,6
2750,6,6
2751,6,6
2752,6,6
2753,6,6
2754,6,6
2755,6,6
2756,6,6
2757,6,6
2758,6,6
2759,6,6
2760,6,6
2761,6,6
2762,6,6
2763,6,6
2764,6,6
2765,6,6
2766,6,6
2767,6,6
2768,6,6
2769,6,6
2770,6,6
2771,6,6
2772,6,6
2773,6,6
2774,6,6
2775,6,6
2776,6,6
2777,6,6
2778,6,6
2779,6,6
2780,6,6
2781,6,6
2782,6,6
2783,6,6
2784,6,6
2785,6,6
2786,6,6
2787,6,6
2788,6,6
2789,6,6
2790,6,6
2791,6,6
2792,6,6
2793,6,6
2794,6,6
2795,6,6
2796,6,6
2797,6,6
2798,6,6
2799,6,6
2800,6,6
2801,6,6
2802,6,6
2803,6,6
2804,6,6
2805,6,6
2806,6,6
2807,6,6
2808,6,6
2809,6,6
2810,6,6
2811,6,6
2812,6,6
2813,6,6
2814,6,6
2815,6,6
2816,6,6
2817,6,6
2818,6,6
2819,6,6
2820,6,6
2821,6,6
2822,6,6
2823,6,6
2824,6,6
2825,6,6
2826,6,6
2827,6,6
2828,6,6
2829,6,6
2830,6,6
2831,6,6
2832,6,6
2833,6,6
2834,6,6
2835,6,6
2836,6,6
2837,6,6
2838,6,6
2839,6,6
2840,6,6
2841,6,6
2842,6,6
2843,6,6
2844,6,6
2845,6,6
2846,6,6
2847,6,6
2848,6,6
2849,6,6
2850,6,6
2851,6,6
2852,6,6
2853,6,6
2854,6,6
2855,6,6
2856,6,6
2857,6,6
2858,6,6
2859,6,6
2860,6,6
2861,6,6
2862,6,6
2863,6,6
2864,6,6
2865,6,6
2866,6,6
2867,6,6
2868,6,6
2869,6,6
2870,6,6
2871,6,6
2872,6,6
2873,6,6
2874,6,6
2875,6,6
2876,6,6
2877,6,6
2878,6,6
2879,6,6
2880,6,6
2881,6,6
2882,6,6
2883,6,6
2884,6,6
2885,6,6
2886,6,6
2887,6,6
2888,6,6
2889,6,6
2890,6,6
2891,6,6
2892,6,6
2893,6,6
2894,6,6
2895,6,6
2896,6,6
2897,6,6
2898,6,6
2899,6,6
2900,6,6
2901,6,6
2902,6,6
2903,6,6
2904,6,6
2905,6,6
2906,6,6
2907,6,6
2908,6,6
2909,6,6
2910,6,6
2911,6,6
2912,6,6
2913,6,6
2914,6,6
2915,6,6
2916,6,6
2917,6,6
2918,6,6
2919,6,6
2920,6,6
2921,6,6
2922,6,6
2923,6,6
2924,6,6
2925,6,6
2926,6,6
2927,6,6
2928,6,6
2929,6,6
2930,6,6
2931,6,6
2932,6,6
2933,6,6
2934,6,6
2935,6,6
2936,6,6
2937,6,6
2938,6,6
2939,6,6
2940,6,6
2941,6,6
2942,6,6
2943,6,6
2944,6,6
2945,6,6
2946,6,6
2947,6,6
2948,6,6
2949,6,6
2950,6,6
2951,6,6
2952,6,6
2953,6,6
2954,6,6
2955,6,6
2956,6,6
2957,6,6
2958,6,6
2959,6,6
2960,6,6
2961,6,6
2962,6,6
2963,6,6
2964,6,6
2965,6,6
2966,6,6
2967,6,6
2968,6,6
2969,6,6
2970,6,6
2971,6,6
2972,6,6
2973,6,6
2974,6,6
2975,6,6
2976,6,6
2977,6,6
2978,6,6
2979,6,6
2980,6,6
2981,6,6
2982,6,6
2983,6,6
2984,6,6
2985,6,6
2986,6,6
2987,6,6
2988,6,6
2989,6,6
2990,6,6
2991,6,6
2992,6,6
2993,6,6
2994,6,6
2995,6,6
2996,6,6
2997,6,6
2998,6,6
2999,6,6
3000,6,6
3001,6,6
3002,6,6
3003,6,6
3004,6,6
3005,6,6
3006,6,6
3007,6,6
3008,6,6
3009,6,6
3010,6,6
3011,6,6
3012,6,6
3013,6,6
3014,6,6
3015,6,6
3016,6,6
3017,6,6
3018,6,6
3019,6,6
3020,6,6
3021,6,6
3022,6,6
3023,6,6
3024,6,6
3025,6,6
3026,6,6
3027,6,6
3028,6,6
3029,6,6
3030,6,6
3031,6,6
3032,6,6
3033,6,6
3034,6,6
3035,6,6
3036,6,6
3037,6,6
3038,6,6
3039,6,6
3040,6,6
3041,6,6
3042,6,6
3043,6,6
3044,6,6
3045,6,6
3046,6,6
3047,6,6
3048,6,6
3049,6,6
3050,6,6
3051,6,6
3052,6,6
3053,6,6
3054,6,6
3055,6,6
3056,6,6
3057,6,6
3058,6,6
3059,6,6
3060,6,6
3061,6,6
3062,6,6
3063,6,6
3064,6,6
3065,6,6
3066,6,6
3067,6,6
3068,6,6
3069,6,6
3070,6,6
3071,6,6
3072,6,6
3073,6,6
3074,6,6
3075,6,6
3076,6,6
3077,6,6
3078,6,6
3079,6,6
3080,6,6
3081,6,6
3082,6,6
3083,6,6
3084,6,6
3085,6,6
3086,6,6
3087,6,6
3088,6,6
3089,6,6
3090,6,6
3091,6,6
3092,6,6
3093,6,6
3094,6,6
3095,6,6
3096,6,6
3097,6,6
3098,6,6
3099,6,6
3100,6,6
3101,6,6
3102,6,6
3103,6,6
3104,6,6
3105,6,6
3106,6,6
3107,6,6
3108,6,6
3109,6,6
3110,6,6
3111,6,6
3112,6,6
3113,6,6
3114,6,6
3115,6,6
3116,6,6
3117,6,6
3118,6,6
3119,6,6
3120,6,6
3121,6,6
3122,6,6
3123,6,6
3124,6,6
3125,6,6
3126,6,6
3127,6,6
3128,6,6
3129,6,6
3130,6,6
3131,6,6
3132,6,6
3133,6,6
3134,6,6
3135,6,6
3136,6,6
3137,6,6
3138,6,6
3139,6,6
3140,6,6
3141,6,6
3142,6,6
3143,6,6
3144,6,6
3145,6,6
3146,6,6
3147,6,6
3148,6,6
3149,6,6
3150,6,6
3151,6,6
3152,6,6
3153,6,6
3154,6,6
3155,6,6
3156,6,6
3157,6,6
3158,6,6
3159,6,6
3160,6,6
3161,6,6
3162,6,6
3163,6,6
3164,6,6
3165,6,6
3166,6,6
3167,6,6
3168,6,6
3169,6,6
3170,6,6
3171,6,6
3172,6,6
3173,6,6
3174,6,6
3175,6,6
3176,6,6
3177,6,6
3178,6,6
3179,6,6
3180,6,6
3181,6,6
3182,6,6
3183,6,6
3184,6,6
3185,6,6
3186,6,6
3187,6,6
3188,6,6
3189,6,6
3190,6,6
3191,6,6
3192,6,6
3193,6,6
3194,6,6
3195,6,6
3196,6,6
3197,6,6
3198,6,6
3199,6,6
3200,6,6
3201,6,6
3202,6,6
3203,6,6
3204,6,6
3205,6,6
3206,6,6
3207,6,6
3208,6,6
3209,6,6
3210,6,6
3211,6,6
3212,6,6
3213,6,6
3214,6,6
3215,6,6
3216,6,6
3217,6,6
3218,6,6
3219,6,6
3220,6,6
3221,6,6
3222,6,6
3223,6,6
3224,6,6
3225,6,6
3226,6,6
3227,6,6
3228,6,6
3229,6,6
3230,6,6
3231,6,6
3232,6,6
3233,6,6
3234,6,6
3235,6,6
3236,6,6
3237,6,6
3238,6,6
3239,6,6
3240,6,6
3241,6,6
3242,6,6
3243,6,6
3244,6,6
3245,6,6
3246,6,6
3247,6,6
3248,6,6
3249,6,6
3250,6,6
3251,6,6
3252,6,6
3253,6,6
3254,6,6
3255,6,6
3256,6,6
3257,6,6
3258,6,6
3259,6,6
3260,6,6
3261,6,6
3262,6,6
3263,6,6
3264,6,6
3265,6,6
3266,6,6
3267,6,6
3268,6,6
3269,6,6
3270,6,6
3271,6,6
3272,6,6
3273,6,6
3274,6,6
3275,6,6
3276,6,6
3277,6,6
3278,6,6
3279,6,6
3280,6,6
3281,6,6
3282,6,6
3283,6,6
3284,6,6
3285,6,6
3286,6,6
3287,6,6
3288,6,6
3289,6,6
3290,6,6
3291,6,6
3292,6,6
3293,6,6
3294,6,6
3295,6,6
3296,6,6
3297,6,6
3298,6,6
3299,6,6
3300,6,6
3301,6,6
3302,6,6
3303,6,6
3304,6,6
3305,6,6
3306,6,6
3307,6,6
3308,6,6
3309,6,6
3310,6,6
3311,6,6
3312,6,6
3313,6,6
3314,6,6
3315,6,6
3316,6,6
3317,6,6
3318,6,6
3319,6,6
3320,6,6
3321,6,6
3322,6,6
3323,6,6
3324,6,6
3325,6,6
3326,6,6
3327,6,6
3328,6,6
3329,6,6
3330,6,6
3331,6,6
3332,6,6
3333,6,6
3334,6,6
3335,6,6
3336,6,6
3337,6,6
3338,6,6
3339,6,6
3340,6,6
3341,6,6
3342,6,6
3343,6,6
3344,6,6
3345,6,6
3346,6,6
3347,6,6
3348,6,6
3349,6,6
3350,6,6
3351,6,6
3352,6,6
3353,6,6
3354,6,6
3355,6,6
3356,6,6
3357,6,6
3358,6,6
3359,6,6
3360,6,6
3361,6,6
3362,6,6
3363,6,6
3364,6,6
3365,6,6
3366,6,6
3367,6,6
3368,6,6
3369,6,6
3370,6,6
3371,6,6
3372,6,6
3373,6,6
3374,6,6
3375,6,6
3376,6,6
3377,6,6
3378,6,6
3379,6,6
3380,6,6
3381,6,6
3382,6,6
3383,6,6
3384,6,6
3385,6,6
3386,6,6
3387,6,6
3388,6,6
3389,6,6
3390,6,6
3391,6,6
3392,6,6
3393,6,6
3394,6,6
3395,6,6
3396,6,6
3397,6,6
3398,6,6
3399,6,6
3400,6,6
3401,6,6
3402,6,6
3403,6,6
3404,6,6
3405,6,6
3406,6,6
3407,6,6
3408,6,6
3409,6,6
3410,6,6
3411,6,6
3412,6,6
3413,6,6
3414,6,6
3415,6,6
3416,6,6
3417,6,6
3418,6,6
3419,6,6
3420,6,6
3421,6,6
3422,6,6
3423,6,6
3424,6,6
3425,6,6
3426,6,6
3427,6,6
3428,6,6
3429,6,6
3430,6,6
3431,6,6
3432,6,6
3433,6,6
3434,6,6
3435,6,6
3436,6,6
3437,6,6
3438,6,6
3439,6,6
3440,6,6
3441,6,6
3442,6,6
3443,6,6
3444,6,6
3445,6,6
3446,6,6
3447,6,6
3448,6,6
3449,6,6
3450,6,6
3451,6,6
3452,6,6
3453,6,6
3454,6,6
3455,6,6
3456,6,6
3457,6,6
3458,6,6
3459,6,6
3460,6,6
3461,6,6
3462,6,6
3463,6,6
3464,6,6
3465,6,6
3466,6,6
3467,6,6
3468,6,6
3469,6,6
3470,6,6
3471,6,6
3472,6,6
3473,6,6
3474,6,6
3475,6,6
3476,6,6
3477,6,6
3478,6,6
3479,6,6
3480,6,6
3481,6,6
3482,6,6
3483,6,6
3484,6,6
3485,6,6
3486,6,6
3487,6,6
3488,6,6
3489,6,6
3490,6,6
3491,6,6
3492,6,6
3493,6,6
3494,6,6
3495,6,6
3496,6,6
3497,6,6
3498,6,6
3499,6,6
3500,6,6
3501,6,6
3502,6,6
3503,6,6
3504,6,6
3505,6,6
3506,6,6
3507,6,6
3508,6,6
3509,6,6
3510,6,6
3511,6,6
3512,6,6
3513,6,6
3514,6,6
3515,6,6
3516,6,6
3517,6,6
3518,6,6
3519,6,6
3520,6,6
3521,6,6
3522,6,6
3523,6,6
3524,6,6
3525,6,6
3526,6,6
3527,6,6
3528,6,6
3529,6,6
3530,6,6
3531,6,6
3532,6,6
3533,6,6
3534,6,6
3535,6,6
3536,6,6
3537,6,6
3538,6,6
3539,6,6
3540,6,6
3541,6,6
3542,6,6
3543,6,6
3544,6,6
3545,6,6
3546,6,6
3547,6,6
3548,6,6
3549,6,6
3550,6,6
3551,6,6
3552,6,6
3553,6,6
3554,6,6
3555,6,6
3556,6,6
3557,6,6
3558,6,6
3559,6,6
3560,6,6
3561,6,6
3562,6,6
3563,6,6
3564,6,6
3565,6,6
3566,6,6
3567,6,6
3568,6,6
3569,6,6
3570,6,6
3571,6,6
3572,6,6
3573,6,6
3574,6,6
3575,6,6
3576,6,6
3577,6,6
3578,6,6
3579,6,6
3580,6,6
3581,6,6
3582,6,6
3583,6,6
3584,6,6
3585,6,6
3586,6,6
3587,6,6
3588,6,6
3589,6,6
3590,6,6
3591,6,6
3592,6,6
3593,6,6
3594,6,6
3595,6,6
3596,6,6
3597,6,6
3598,6,6
3599,6,6
3600,6,6
3601,6,6
3602,6,6
3603,6,6
3604,6,6
3605,6,6
3606,6,6
3607,6,6
3608,6,6
3609,6,6
3610,6,6
3611,6,6
3612,6,6
3613,6,6
3614,6,6
3615,6,6
3616,6,6
3617,6,6
3618,6,6
3619,6,6
3620,6,6
3621,6,6
3622,6,6
3623,6,6
3624,6,6
3625,6,6
3626,6,6
3627,6,6
3628,6,6
3629,6,6
3630,6,6
3631,6,6
3632,6,6
3633,6,6
3634,6,6
3635,6,6
3636,6,6
3637,6,6
3638,6,6
3639,6,6
3640,6,6
3641,6,6
3642,6,6
3643,6,6
3644,6,6
3645,6,6
3646,6,6
3647,6,6
3648,6,6
3649,6,6
3650,6,6
3651,6,6
3652,6,6
3653,6,6
3654,6,6
3655,6,6
3656,6,6
3657,6,6
3658,6,6
3659,6,6
3660,6,6
3661,6,6
3662,6,6
3663,6,6
3664,6,6
3665,6,6
3666,6,6
3667,6,6
3668,6,6
3669,6,6
3670,6,6
3671,6,6
3672,6,6
3673,6,6
3674,6,6
3675,6,6
3676,6,6
3677,6,6
3678,6,6
3679,6,6
3680,6,6
3681,6,6
3682,6,6
3683,6,6
3684,6,6
3685,6,6
3686,6,6
3687,6,6
3688,6,6
3689,6,6
3690,6,6
3691,6,6
3692,6,6
3693,6,6
3694,6,6
3695,6,6
3696,6,6
3697,6,6
3698,6,6
3699,6,6
3700,6,6
3701,6,6
3702,6,6
3703,6,6
3704,6,6
3705,6,6
3706,6,6
3707,6,6
3708,6,6
3709,6,6
3710,6,6
3711,6,6
3712,6,6
3713,6,6
3714,6,6
3715,6,6
3716,6,6
3717,6,6
3718,6,6
3719,6,6
3720,6,6
3721,6,6
3722,6,6
3723,6,6
3724,6,6
3725,6,6
3726,6,6
3727,6,6
3728,6,6
3729,6,6
3730,6,6
3731,6,6
3732,6,6
3733,6,6
3734,6,6
3735,6,6
3736,6,6
3737,6,6
3738,6,6
3739,6,6
3740,6,6
3741,6,6
3742,6,6
3743,6,6
3744,6,6
3745,6,6
3746,6,6
3747,6,6
3748,6,6
3749,6,6
3750,6,6
3751,6,6
3752,6,6
3753,6,6
3754,6,6
3755,6,6
3756,6,6
3757,6,6
3758,6,6
3759,6,6
3760,6,6
3761,6,6
3762,6,6
3763,6,6
3764,6,6
3765,6,6
3766,6,6
3767,6,6
3768,6,6
3769,6,6
3770,6,6
3771,6,6
3772,6,6
3773,6,6
3774,6,6
3775,6,6
3776,6,6
3777,6,6
3778,6,6
3779,6,6
3780,6,6
3781,6,6
3782,6,6
3783,6,6
3784,6,6
3785,6,6
3786,6,6
3787,6,6
3788,6,6
3789,6,6
3790,6,6
3791,6,6
3792,6,6
3793,6,6
3794,6,6
3795,6,6
3796,6,6
3797,6,6
3798,6,6
3799,6,6
3800,6,6
3801,6,6
3802,6,6
3803,6,6
3804,6,6
3805,6,6
3806,6,6
3807,6,6
3808,6,6
3809,6,6
3810,6,6
3811,6,6
3812,6,6
3813,6,6
3814,6,6
3815,6,6
3816,6,6
3817,6,6
3818,6,6
3819,6,6
3820,6,6
3821,6,6
3822,6,6
3823,6,6
3824,6,6
3825,6,6
3826,6,6
3827,6,6
3828,6,6
3829,6,6
3830,6,6
3831,6,6
3832,6,6
3833,6,6
3834,6,6
3835,6,6
3836,6,6
3837,6,6
3838,6,6
3839,6,6
3840,6,6
3841,6,6
3842,6,6
3843,6,6
3844,6,6
3845,6,6
3846,6,6
3847,6,6
3848,6,6
3849,6,6
3850,6,6
3851,6,6
3852,6,6
3853,6,6
3854,6,6
3855,6,6
3856,6,6
3857,6,6
3858,6,6
3859,6,6
3860,6,6
3861,6,6
3862,6,6
3863,6,6
3864,6,6
3865,6,6
3866,6,6
3867,6,6
3868,6,6
3869,6,6
3870,6,6
3871,6,6
3872,6,6
3873,6,6
3874,6,6
3875,6,6
3876,6,6
3877,6,6
3878,6,6
3879,6,6
3880,6,6
3881,6,6
3882,6,6
3883,6,6
3884,6,6
3885,6,6
3886,6,6
3887,6,6
3888,6,6
3889,6,6
3890,6,6
3891,6,6
3892,6,6
3893,6,6
3894,6,6
3895,6,6
3896,6,6
3897,6,6
3898,6,6
3899,6,6
3900,6,6
3901,6,6
3902,6,6
3903,6,6
3904,6,6
3905,6,6
3906,6,6
3907,6,6
3908,6,6
3909,6,6
3910,6,6
3911,6,6
3912,6,6
3913,6,6
3914,6,6
3915,6,6
3916,6,6
3917,6,6
3918,6,6
3919,6,6
3920,6,6
3921,6,6
3922,6,6
3923,6,6
3924,6,6
3925,6,6
3926,6,6
3927,6,6
3928,6,6
3929,6,6
3930,6,6
3931,6,6
3932,6,6
3933,6,6
3934,6,6
3935,6,6
3936,6,6
3937,6,6
3938,6,6
3939,6,6
3940,6,6
3941,6,6
3942,6,6
3943,6,6
3944,6,6
3945,6,6
3946,6,6
3947,6,6
3948,6,6
3949,6,6
3950,6,6
3951,6,6
3952,6,6
3953,6,6
3954,6,6
3955,6,6
3956,6,6
3957,6,6
3958,6,6
3959,6,6
3960,6,6
3961,6,6
3962,6,6
3963,6,6
3964,6,6
3965,6,6
3966,6,6
3967,6,6
3968,6,6
3969,6,6
3970,6,6
3971,6,6
3972,6,6
3973,6,6
3974,6,6
3975,6,6
3976,6,6
3977,6,6
3978,6,6
3979,6,6
3980,6,6
3981,6,6
3982,6,6
3983,6,6
3984,6,6
3985,6,6
3986,6,6
3987,6,6
3988,6,6
3989,6,6
3990,6,6
3991,6,6
3992,6,6
3993,6,6
3994,6,6
3995,6,6
3996,6,6
3997,6,6
3998,6,6
3999,6,6
4000,6,6
4001,6,6
4002,6,6
4003,6,6
4004,6,6
4005,6,6
4006,6,6
4007,6,6
4008,6,6
4009,6,6
4010,6,6
4011,6,6
4012,6,6
4013,6,6
4014,6,6
4015,6,6
4016,6,6
4017,6,6
4018,6,6
4019,6,6
4020,6,6
4021,6,6
4022,6,6
4023,6,6
4024,6,6
4025,6,6
4026,6,6
4027,6,6
4028,6,6
4029,6,6
4030,6,6
4031,6,6
4032,6,6
4033,6,6
4034,6,6
4035,6,6
4036,6,6
4037,6,6
4038,6,6
4039,6,6
4040,6,6
4041,6,6
4042,6,6
4043,6,6
4044,6,6
4045,6,6
4046,6,6
4047,6,6
4048,6,6
4049,6,6
4050,6,6
4051,6,6
4052,6,6
4053,6,6
4054,6,6
4055,6,6
4056,6,6
4057,6,6
4058,6,6
4059,6,6
4060,6,6
4061,6,6
4062,6,6
4063,6,6
4064,6,6
4065,6,6
4066,6,6
4067,6,6
4068,6,6
4069,6,6
4070,6,6
4071,6,6
4072,6,6
4073,6,6
4074,6,6
4075,6,6
4076,6,6
4077,6,6
4078,6,6
4079,6,6
4080,6,6
4081,6,6
4082,6,6
4083,6,6
4084,6,6
4085,6,6
4086,6,6
4087,6,6
4088,6,6
4089,6,6
4090,6,6
4091,6,6
4092,6,6
4093,6,6
4094,6,6
4095,6,6
4096,6,6
4097,6,6
4098,6,6
4099,6,6
4100,6,6
4101,6,6
4102,6,6
4103,6,6
4104,6,6
4105,6,6
4106,6,6
4107,6,6
4108,6,6
4109,6,6
4110,6,6
4111,6,6
4112,6,6
4113,6,6
4114,6,6
4115,6,6
4116,6,6
4117,6,6
4118,6,6
4119,6,6
4120,6,6
4121,6,6
4122,6,6
4123,6,6
4124,6,6
4125,6,6
4126,6,6
4127,6,6
4128,6,6
4129,6,6
4130,6,6
4131,6,6
4132,6,6
4133,6,6
4134,6,6
4135,6,6
4136,6,6
4137,6,6
4138,6,6
4139,6,6
4140,6,6
4141,6,6
4142,6,6
4143,6,6
4144,6,6
4145,6,6
4146,6,6
4147,6,6
4148,6,6
4149,6,6
4150,6,6
4151,6,6
4152,6,6
4153,6,6
4154,6,6
4155,6,6
4156,6,6
4157,6,6
4158,6,6
4159,6,6
4160,6,6
4161,6,6
4162,6,6
4163,6,6
4164,6,6
4165,6,6
4166,6,6
4167,6,6
4168,6,6
4169,6,6
4170,6,6
4171,6,6
4172,6,6
4173,6,6
4174,6,6
4175,6,6
4176,6,6
4177,6,6
4178,6,6
4179,6,6
4180,6,6
4181,6,6
4182,6,6
4183,6,6
4184,6,6
4185,6,6
4186,6,6
4187,6,6
4188,6,6
4189,6,6
4190,6,6
4191,6,6
4192,6,6
4193,6,6
4194,6,6
4195,6,6
4196,6,6
4197,6,6
4198,6,6
4199,6,6
4200,6,6
4201,6,6
4202,6,6
4203,6,6
4204,6,6
4205,6,6
4206,6,6
4207,6,6
4208,6,6
4209,6,6
4210,6,6
4211,6,6
4212,6,6
4213,6,6
4214,6,6
4215,6,6
4216,6,6
4217,6,6
4218,6,6
4219,6,6
4220,6,6
4221,6,6
4222,6,6
4223,6,6
4224,6,6
4225,6,6
4226,6,6
4227,6,6
4228,6,6
4229,6,6
4230,6,6
4231,6,6
4232,6,6
4233,6,6
4234,6,6
4235,6,6
4236,6,6
4237,6,6
4238,6,6
4239,6,6
4240,6,6
4241,6,6
4242,6,6
4243,6,6
4244,6,6
4245,6,6
4246,6,6
4247,6,6
4248,6,6
4249,6,6
4250,6,6
4251,6,6
4252,6,6
4253,6,6
4254,6,6
4255,6,6
4256,6,6
4257,6,6
4258,6,6
4259,6,6
4260,6,6
4261,6,6
4262,6,6
4263,6,6
4264,6,6
4265,6,6
4266,6,6
4267,6,6
4268,6,6
4269,6,6
4270,6,6
4271,6,6
4272,6,6
4273,6,6
4274,6,6
4275,6,6
4276,6,6
4277,6,6
4278,6,6
4279,6,6
4280,6,6
4281,6,6
4282,6,6
4283,6,6
4284,6,6
4285,6,6
4286,6,6
4287,6,6
4288,6,6
4289,6,6
4290,6,6
4291,6,6
4292,6,6
4293,6,6
4294,6,6
4295,6,6
4296,6,6
4297,6,6
4298,6,6
4299,6,6
4300,6,6
4301,6,6
4302,6,6
4303,6,6
4304,6,6
4305,6,6
4306,6,6
4307,6,6
4308,6,6
4309,6,6
4310,6,6
4311,6,6
4312,6,6
4313,6,6
4314,6,6
4315,6,6
4316,6,6
4317,6,6
4318,6,6
4319,6,6
4320,6,6
4321,6,6
4322,6,6
4323,6,6
4324,6,6
4325,6,6
4326,6,6
4327,6,6
4328,6,6
4329,6,6
4330,6,6
4331,6,6
4332,6,6
4333,6,6
4334,6,6
4335,6,6
4336,6,6
4337,6,6
4338,6,6
4339,6,6
4340,6,6
4341,6,6
4342,6,6
4343,6,6
4344,6,6
4345,6,6
4346,6,6
4347,6,6
4348,6,6
4349,6,6
4350,6,6
4351,6,6
4352,6,6
4353,6,6
4354,6,6
4355,6,6
4356,6,6
4357,6,6
4358,6,6
4359,6,6
4360,6,6
4361,6,6
4362,6,6
4363,6,6
4364,6,6
4365,6,6
4366,6,6
4367,6,6
4368,6,6
4369,6,6
4370,6,6
4371,6,6
4372,6,6
4373,6,6
4374,6,6
4375,6,6
4376,6,6
4377,6,6
4378,6,6
4379,6,6
4380,6,6
4381,6,6
4382,6,6
4383,6,6
4384,6,6
4385,6,6
4386,6,6
4387,6,6
4388,6,6
4389,6,6
4390,6,6
4391,6,6
4392,6,6
4393,6,6
4394,6,6
4395,6,6
4396,6,6
4397,6,6
4398,6,6
4399,6,6
4400,6,6
4401,6,6
4402,6,6
4403,6,6
4404,6,6
4405,6,6
4406,6,6
4407,6,6
4408,6,6
4409,6,6
4410,6,6
4411,6,6
4412,6,6
4413,6,6
4414,6,6
4415,6,6
4416,6,6
4417,6,6
4418,6,6
4419,6,6
4420,6,6
4421,6,6
4422,6,6
4423,6,6
4424,6,6
4425,6,6
4426,6,6
4427,6,6
4428,6,6
4429,6,6
4430,6,6
4431,6,6
4432,6,6
4433,6,6
4434,6,6
4435,6,6
4436,6,6
4437,6,6
4438,6,6
4439,6,6
4440,6,6
4441,6,6
4442,6,6
4443,6,6
4444,6,6
4445,6,6
4446,6,6
4447,6,6
4448,6,6
4449,6,6
4450,6,6
4451,6,6
4452,6,6
4453,6,6
4454,6,6
4455,6,6
4456,6,6
4457,6,6
4458,6,6
4459,6,6
4460,6,6
4461,6,6
4462,6,6
4463,6,6
4464,6,6
4465,6,6
4466,6,6
4467,6,6
4468,6,6
4469,6,6
4470,6,6
4471,6,6
4472,6,6
4473,6,6
4474,6,6
4475,6,6
4476,6,6
4477,6,6
4478,6,6
4479,6,6
4480,6,6
4481,6,6
4482,6,6
4483,6,6
4484,6,6
4485,6,6
4486,6,6
4487,6,6
4488,6,6
4489,6,6
4490,6,6
4491,6,6
4492,6,6
4493,6,6
4494,6,6
4495,6,6
4496,6,6
4497,6,6
4498,6,6
4499,6,6
4500,6,6
4501,6,6
4502,6,6
4503,6,6
4504,6,6
4505,6,6
4506,6,6
4507,6,6
4508,6,6
4509,6,6
4510,6,6
4511,6,6
4512,6,6
4513,6,6
4514,6,6
4515,6,6
4516,6,6
4517,6,6
4518,6,6
4519,6,6
4520,6,6
4521,6,6
4522,6,6
4523,6,6
4524,6,6
4525,6,6
4526,6,6
4527,6,6
4528,6,6
4529,6,6
4530,6,6
4531,6,6
4532,6,6
4533,6,6
4534,6,6
4535,6,6
4536,6,6
4537,6,6
4538,6,6
4539,6,6
4540,6,6
4541,6,6
4542,6,6
4543,6,6
4544,6,6
4545,6,6
4546,6,6
4547,6,6
4548,6,6
4549,6,6
4550,6,6
4551,6,6
4552,6,6
4553,6,6
4554,6,6
4555,6,6
4556,6,6
4557,6,6
4558,6,6
4559,6,6
4560,6,6
4561,6,6
4562,6,6
4563,6,6
4564,6,6
4565,6,6
4566,6,6
4567,6,6
4568,6,6
4569,6,6
4570,6,6
4571,6,6
4572,6,6
4573,6,6
4574,6,6
4575,6,6
4576,6,6
4577,6,6
4578,6,6
4579,6,6
4580,6,6
4581,6,6
4582,6,6
4583,6,6
4584,6,6
4585,6,6
4586,6,6
4587,6,6
4588,6,6
4589,6,6
4590,6,6
4591,6,6
4592,6,6
4593,6,6
4594,6,6
4595,6,6
4596,6,6
4597,6,6
4598,6,6
4599,6,6
4600,6,6
4601,6,6
4602,6,6
4603,6,6
4604,6,6
4605,6,6
4606,6,6
4607,6,6
4608,6,6
4609,6,6
4610,6,6
4611,6,6
4612,6,6
4613,6,6
4614,6,6
4615,6,6
4616,6,6
4617,6,6
4618,6,6
4619,6,6
4620,6,6
4621,6,6
4622,6,6
4623,6,6
4624,6,6
4625,6,6
4626,6,6
4627,6,6
4628,6,6
4629,6,6
4630,6,6
4631,6,6
4632,6,6
4633,6,6
4634,6,6
4635,6,6
4636,6,6
4637,6,6
4638,6,6
4639,6,6
4640,6,6
4641,6,6
4642,6,6
4643,6,6
4644,6,6
4645,6,6
4646,6,6
4647,6,6
4648,6,6
4649,6,6
4650,6,6
4651,6,6
4652,6,6
4653,6,6
4654,6,6
4655,6,6
4656,6,6
4657,6,6
4658,6,6
4659,6,6
4660,6,6
4661,6,6
4662,6,6
4663,6,6
4664,6,6
4665,6,6
4666,6,6
4667,6,6
4668,6,6
4669,6,6
4670,6,6
4671,6,6
4672,6,6
4673,6,6
4674,6,6
4675,6,6
4676,6,6
4677,6,6
4678,6,6
4679,6,6
4680,6,6
4681,6,6
4682,6,6
4683,6,6
4684,6,6
4685,6,6
4686,6,6
4687,6,6
4688,6,6
4689,6,6
4690,6,6
4691,6,6
4692,6,6
4693,6,6
4694,6,6
4695,6,6
4696,6,6
4697,6,6
4698,6,6
4699,6,6
4700,6,6
4701,6,6
4702,6,6
4703,6,6
4704,6,6
4705,6,6
4706,6,6
4707,6,6
4708,6,6
4709,6,6
4710,6,6
4711,6,6
4712,6,6
4713,6,6
4714,6,6
4715,6,6
4716,6,6
4717,6,6
4718,6,6
4719,6,6
4720,6,6
4721,6,6
4722,6,6
4723,6,6
4724,6,6
4725,6,6
4726,6,6
4727,6,6
4728,6,6
4729,6,6
4730,6,6
4731,6,6
4732,6,6
4733,6,6
4734,6,6
4735,6,6
4736,6,6
4737,6,6
4738,6,6
4739,6,6
4740,6,6
4741,6,6
4742,6,6
4743,6,6
4744,6,6
4745,6,6
4746,6,6
4747,6,6
4748,6,6
4749,6,6
4750,6,6
4751,6,6
4752,6,6
4753,6,6
4754,6,6
4755,6,6
4756,6,6
4757,6,6
4758,6,6
4759,6,6
4760,6,6
4761,6,6
4762,6,6
4763,6,6
4764,6,6
4765,6,6
4766,6,6
4767,6,6
4768,6,6
4769,6,6
4770,6,6
4771,6,6
4772,6,6
4773,6,6
4774,6,6
4775,6,6
4776,6,6
4777,6,6
4778,6,6
4779,6,6
4780,6,6
4781,6,6
4782,6,6
4783,6,6
4784,6,6
4785,6,6
4786,6,6
4787,6,6
4788,6,6
4789,6,6
4790,6,6
4791,6,6
4792,6,6
4793,6,6
4794,6,6
4795,6,6
4796,6,6
4797,6,6
4798,6,6
4799,6,6
4800,6,6
4801,6,6
4802,6,6
4803,6,6
4804,6,6
4805,6,6
4806,6,6
4807,6,6
4808,6,6
4809,6,6
4810,6,6
4811,6,6
4812,6,6
4813,6,6
4814,6,6
4815,6,6
4816,6,6
4817,6,6
4818,6,6
4819,6,6
4820,6,6
4821,6,6
4822,6,6
4823,6,6
4824,6,6
4825,6,6
4826,6,6
4827,6,6
4828,6,6
4829,6,6
4830,6,6
4831,6,6
4832,6,6
4833,6,6
4834,6,6
4835,6,6
4836,6,6
4837,6,6
4838,6,6
4839,6,6
4840,6,6
4841,6,6
4842,6,6
4843,6,6
4844,6,6
4845,6,6
4846,6,6
4847,6,6
4848,6,6
4849,6,6
4850,6,6
4851,6,6
4852,6,6
4853,6,6
4854,6,6
4855,6,6
4856,6,6
4857,6,6
4858,6,6
4859,6,6
4860,6,6
4861,6,6
4862,6,6
4863,6,6
4864,6,6
4865,6,6
4866,6,6
4867,6,6
4868,6,6
4869,6,6
4870,6,6
4871,6,6
4872,6,6
4873,6,6
4874,6,6
4875,6,6
4876,6,6
4877,6,6
4878,6,6
4879,6,6
4880,6,6
4881,6,6
4882,6,6
4883,6,6
4884,6,6
4885,6,6
4886,6,6
4887,6,6
4888,6,6
4889,6,6
4890,6,6
4891,6,6
4892,6,6
4893,6,6
4894,6,6
4895,6,6
4896,6,6
4897,6,6
4898,6,6
4899,6,6
4900,6,6
4901,6,6
4902,6,6
4903,6,6
4904,6,6
4905,6,6
4906,6,6
4907,6,6
4908,6,6
4909,6,6
4910,6,6
4911,6,6
4912,6,6
4913,6,6
4914,6,6
4915,6,6
4916,6,6
4917,6,6
4918,6,6
4919,6,6
4920,6,6
4921,6,6
4922,6,6
4923,6,6
4924,6,6
4925,6,6
4926,6,6
4927,6,6
4928,6,6
4929,6,6
4930,6,6
4931,6,6
4932,6,6
4933,6,6
4934,6,6
4935,6,6
4936,6,6
4937,6,6
4938,6,6
4939,6,6
4940,6,6
4941,6,6
4942,6,6
4943,6,6
4944,6,6
4945,6,6
4946,6,6
4947,6,6
4948,6,6
4949,6,6
4950,6,6
4951,6,6
4952,6,6
4953,6,6
4954,6,6
4955,6,6
4956,6,6
4957,6,6
4958,6,6
4959,6,6
4960,6,6
4961,6,6
4962,6,6
4963,6,6
4964,6,6
4965,6,6
4966,6,6
4967,6,6
4968,6,6
4969,6,6
4970,6,6
4971,6,6
4972,6,6
4973,6,6
4974,6,6
4975,6,6
4976,6,6
4977,6,6
4978,6,6
4979,6,6
4980,6,6
4981,6,6
4982,6,6
4983,6,6
4984,6,6
4985,6,6
4986,6,6
4987,6,6
4988,6,6
4989,6,6
4990,6,6
4991,6,6
4992,6,6
4993,6,6
4994,6,6
4995,6,6
4996,6,6
4997,6,6
4998,6,6
4999,6,6
